No.,Company Name,Team Member Name
1,Agfa HealthCare Middle East FZ LLC, N/A (Requires dynamic user click)
2,AI71, N/A (Requires dynamic user click)
3,Amazon Web Services EMEA SARL (Branch), N/A (Requires dynamic user click)
4,Carefluence, N/A (Requires dynamic user click)
5,DELL Technologies,N/A (Requires dynamic user click)
6,Dubai Health, N/A (Requires dynamic user click)
7,Emirates Health Services,N/A (Requires dynamic user click)
8,Emirates Telecommunication Group Company PJSC, N/A (Requires dynamic user click)
9,EVOTEQ LLC,N/A (Requires dynamic user click)
10,GE Healthcare, N/A (Requires dynamic user click)
